Key,Context,Source,Translation,Language,State,Words,Reviewer,Fuzzy
"UI_DOCK_ABORT","Docking HUD","Abort approach","Anflug abbrechen","de-DE","Draft","2","","True"
"HUD_DOCK_ABORT","Docking HUD","Burn early, coast long","Brule tot, plane longtemps","fr-FR","Draft","4","","False"
"TIP_DOCK_ABORT","Docking HUD","No carrier on that band","Sin portadora en esa banda","es-ES","Machine","5","","False"
"ERR_FUEL_LOW","Docking HUD","Altitude","Wysokosc","pl-PL","Machine","1","","False"
"MENU_FUEL_LOW","Docking HUD","Resume flight","Retomar voo","pt-BR","Reviewed","2","","False"
"CARGO_FUEL_LOW","Loading tip","Mass exceeds the bay rating","質量が積載限界を超過","ja-JP","Reviewed","5","l.novak","False"
"NAV_NO_SIGNAL","Loading tip","Hold the burn until the marker clears","Halte den Schub bis die Marke frei ist","de-DE","Approved","7","","False"
"COMMS_NO_SIGNAL","Loading tip","Hail sent. No reply yet.","Appel envoye. Pas de reponse.","fr-FR","Approved","5","d.aro","True"
"TUT_NO_SIGNAL","Loading tip","That bay is already full","Esa bodega ya esta llena","es-ES","Locked","5","m.halvorsen","False"
"OPT_ALT_LABEL","Loading tip","Out of range of the relay","Poza zasiegiem przekaznika","pl-PL","Locked","6","a.okonkwo","False"
"UI_ALT_LABEL","Comms error","Thrust cut - check the feed line","Empuxo cortado - verifique a linha","pt-BR","Draft","7","","False"
"HUD_ALT_LABEL","Comms error","Bay sealed and pressurised","区画を密閉し与圧","ja-JP","Draft","4","","False"
"TIP_RESUME","Comms error","Orbit set. Coasting.","Orbit gesetzt. Im Gleitflug.","de-DE","Machine","3","","False"
"ERR_RESUME","Comms error","All hands accounted for","Equipage au complet","fr-FR","Machine","4","","False"
"MENU_RESUME","Comms error","Scan complete","Escaneo completo","es-ES","Reviewed","2","","True"
"CARGO_MASS_WARN","Main menu","Abort approach","Przerwij podejscie","pl-PL","Reviewed","2","d.aro","False"
"NAV_MASS_WARN","Main menu","Burn early, coast long","Queime cedo, planeie muito","pt-BR","Approved","4","m.halvorsen","False"
"COMMS_MASS_WARN","Main menu","No carrier on that band","その帯域に搬送波なし","ja-JP","Approved","5","a.okonkwo","False"
"TUT_BURN_HOLD","Main menu","Altitude","Hoehe","de-DE","Locked","1","s.ferreira","False"
"OPT_BURN_HOLD","Main menu","Resume flight","Reprendre le vol","fr-FR","Locked","2","j.tanaka","False"
"UI_BURN_HOLD","Cargo screen","Mass exceeds the bay rating","La masa supera la bodega","es-ES","Draft","5","","False"
"HUD_HAIL_SENT","Cargo screen","Hold the burn until the marker clears","Trzymaj ciag do znacznika","pl-PL","Draft","7","","True"
"TIP_HAIL_SENT","Cargo screen","Hail sent. No reply yet.","Chamado enviado. Sem resposta.","pt-BR","Machine","5","","False"
"ERR_HAIL_SENT","Cargo screen","That bay is already full","その区画は満杯です","ja-JP","Machine","5","","False"
"MENU_SLOT_FULL","Cargo screen","Out of range of the relay","Ausserhalb der Relaisreichweite","de-DE","Reviewed","6","m.halvorsen","False"
"CARGO_SLOT_FULL","Tutorial","Thrust cut - check the feed line","Poussee coupee - verifie la conduite","fr-FR","Reviewed","7","a.okonkwo","False"
"NAV_SLOT_FULL","Tutorial","Bay sealed and pressurised","Bodega sellada y presurizada","es-ES","Approved","4","s.ferreira","False"
"COMMS_RANGE_LOST","Tutorial","Orbit set. Coasting.","Orbita ustawiona. Lot swobodny.","pl-PL","Approved","3","j.tanaka","False"
"TUT_RANGE_LOST","Tutorial","All hands accounted for","Tripulacao completa","pt-BR","Locked","4","","True"
"OPT_RANGE_LOST","Tutorial","Scan complete","走査完了","ja-JP","Locked","2","l.novak","False"
"UI_THRUST_CUT","Options","Abort approach","Anflug abbrechen","de-DE","Draft","2","","False"
"HUD_THRUST_CUT","Options","Burn early, coast long","Brule tot, plane longtemps","fr-FR","Draft","4","","False"
"TIP_THRUST_CUT","Options","No carrier on that band","Sin portadora en esa banda","es-ES","Machine","5","","False"
"ERR_BAY_SEALED","Options","Altitude","Wysokosc","pl-PL","Machine","1","","False"
"MENU_BAY_SEALED","Options","Resume flight","Retomar voo","pt-BR","Reviewed","2","s.ferreira","False"
"CARGO_BAY_SEALED","Nav map","Mass exceeds the bay rating","質量が積載限界を超過","ja-JP","Reviewed","5","j.tanaka","True"
"NAV_ORBIT_SET","Nav map","Hold the burn until the marker clears","Halte den Schub bis die Marke frei ist","de-DE","Approved","7","","False"
"COMMS_ORBIT_SET","Nav map","Hail sent. No reply yet.","Appel envoye. Pas de reponse.","fr-FR","Approved","5","l.novak","False"
"TUT_ORBIT_SET","Nav map","That bay is already full","Esa bodega ya esta llena","es-ES","Locked","5","","False"
"OPT_CREW_READY","Nav map","Out of range of the relay","Poza zasiegiem przekaznika","pl-PL","Locked","6","d.aro","False"
"UI_CREW_READY","Radio chatter","Thrust cut - check the feed line","Empuxo cortado - verifique a linha","pt-BR","Draft","7","","False"
"HUD_CREW_READY","Radio chatter","Bay sealed and pressurised","区画を密閉し与圧","ja-JP","Draft","4","","False"
"TIP_SCAN_DONE","Radio chatter","Orbit set. Coasting.","Orbit gesetzt. Im Gleitflug.","de-DE","Machine","3","","True"
"ERR_SCAN_DONE","Radio chatter","All hands accounted for","Equipage au complet","fr-FR","Machine","4","","False"
"MENU_SCAN_DONE","Radio chatter","Scan complete","Escaneo completo","es-ES","Reviewed","2","","False"
"CARGO_DOCK_ABORT","Failure screen","Abort approach","Przerwij podejscie","pl-PL","Reviewed","2","l.novak","False"
"NAV_DOCK_ABORT","Failure screen","Burn early, coast long","Queime cedo, planeie muito","pt-BR","Approved","4","","False"
"COMMS_DOCK_ABORT","Failure screen","No carrier on that band","その帯域に搬送波なし","ja-JP","Approved","5","d.aro","False"
"TUT_FUEL_LOW","Failure screen","Altitude","Hoehe","de-DE","Locked","1","m.halvorsen","False"
"OPT_FUEL_LOW","Failure screen","Resume flight","Reprendre le vol","fr-FR","Locked","2","a.okonkwo","True"
"UI_FUEL_LOW","Docking HUD","Mass exceeds the bay rating","La masa supera la bodega","es-ES","Draft","5","","False"
"HUD_NO_SIGNAL","Docking HUD","Hold the burn until the marker clears","Trzymaj ciag do znacznika","pl-PL","Draft","7","","False"
"TIP_NO_SIGNAL","Docking HUD","Hail sent. No reply yet.","Chamado enviado. Sem resposta.","pt-BR","Machine","5","","False"
"ERR_NO_SIGNAL","Docking HUD","That bay is already full","その区画は満杯です","ja-JP","Machine","5","","False"
"MENU_ALT_LABEL","Docking HUD","Out of range of the relay","Ausserhalb der Relaisreichweite","de-DE","Reviewed","6","","False"
"CARGO_ALT_LABEL","Loading tip","Thrust cut - check the feed line","Poussee coupee - verifie la conduite","fr-FR","Reviewed","7","d.aro","False"
"NAV_ALT_LABEL","Loading tip","Bay sealed and pressurised","Bodega sellada y presurizada","es-ES","Approved","4","m.halvorsen","True"
"COMMS_RESUME","Loading tip","Orbit set. Coasting.","Orbita ustawiona. Lot swobodny.","pl-PL","Approved","3","a.okonkwo","False"
"TUT_RESUME","Loading tip","All hands accounted for","Tripulacao completa","pt-BR","Locked","4","s.ferreira","False"
"OPT_RESUME","Loading tip","Scan complete","走査完了","ja-JP","Locked","2","j.tanaka","False"
"UI_MASS_WARN","Comms error","Abort approach","Anflug abbrechen","de-DE","Draft","2","","False"
"HUD_MASS_WARN","Comms error","Burn early, coast long","Brule tot, plane longtemps","fr-FR","Draft","4","","False"
"TIP_MASS_WARN","Comms error","No carrier on that band","Sin portadora en esa banda","es-ES","Machine","5","","False"
"ERR_BURN_HOLD","Comms error","Altitude","Wysokosc","pl-PL","Machine","1","","True"
"MENU_BURN_HOLD","Comms error","Resume flight","Retomar voo","pt-BR","Reviewed","2","m.halvorsen","False"
"CARGO_BURN_HOLD","Main menu","Mass exceeds the bay rating","質量が積載限界を超過","ja-JP","Reviewed","5","a.okonkwo","False"
"NAV_HAIL_SENT","Main menu","Hold the burn until the marker clears","Halte den Schub bis die Marke frei ist","de-DE","Approved","7","s.ferreira","False"
"COMMS_HAIL_SENT","Main menu","Hail sent. No reply yet.","Appel envoye. Pas de reponse.","fr-FR","Approved","5","j.tanaka","False"
"TUT_HAIL_SENT","Main menu","That bay is already full","Esa bodega ya esta llena","es-ES","Locked","5","","False"
"OPT_SLOT_FULL","Main menu","Out of range of the relay","Poza zasiegiem przekaznika","pl-PL","Locked","6","l.novak","False"
"UI_SLOT_FULL","Cargo screen","Thrust cut - check the feed line","Empuxo cortado - verifique a linha","pt-BR","Draft","7","","True"
"HUD_SLOT_FULL","Cargo screen","Bay sealed and pressurised","区画を密閉し与圧","ja-JP","Draft","4","","False"
"TIP_RANGE_LOST","Cargo screen","Orbit set. Coasting.","Orbit gesetzt. Im Gleitflug.","de-DE","Machine","3","","False"
"ERR_RANGE_LOST","Cargo screen","All hands accounted for","Equipage au complet","fr-FR","Machine","4","","False"
"MENU_RANGE_LOST","Cargo screen","Scan complete","Escaneo completo","es-ES","Reviewed","2","s.ferreira","False"
"CARGO_THRUST_CUT","Tutorial","Abort approach","Przerwij podejscie","pl-PL","Reviewed","2","j.tanaka","False"
"NAV_THRUST_CUT","Tutorial","Burn early, coast long","Queime cedo, planeie muito","pt-BR","Approved","4","","False"
"COMMS_THRUST_CUT","Tutorial","No carrier on that band","その帯域に搬送波なし","ja-JP","Approved","5","l.novak","True"
"TUT_BAY_SEALED","Tutorial","Altitude","Hoehe","de-DE","Locked","1","","False"
"OPT_BAY_SEALED","Tutorial","Resume flight","Reprendre le vol","fr-FR","Locked","2","d.aro","False"
"UI_BAY_SEALED","Options","Mass exceeds the bay rating","La masa supera la bodega","es-ES","Draft","5","","False"
"HUD_ORBIT_SET","Options","Hold the burn until the marker clears","Trzymaj ciag do znacznika","pl-PL","Draft","7","","False"
"TIP_ORBIT_SET","Options","Hail sent. No reply yet.","Chamado enviado. Sem resposta.","pt-BR","Machine","5","","False"
"ERR_ORBIT_SET","Options","That bay is already full","その区画は満杯です","ja-JP","Machine","5","","False"
"MENU_CREW_READY","Options","Out of range of the relay","Ausserhalb der Relaisreichweite","de-DE","Reviewed","6","","True"
"CARGO_CREW_READY","Nav map","Thrust cut - check the feed line","Poussee coupee - verifie la conduite","fr-FR","Reviewed","7","l.novak","False"
"NAV_CREW_READY","Nav map","Bay sealed and pressurised","Bodega sellada y presurizada","es-ES","Approved","4","","False"
"COMMS_SCAN_DONE","Nav map","Orbit set. Coasting.","Orbita ustawiona. Lot swobodny.","pl-PL","Approved","3","d.aro","False"
"TUT_SCAN_DONE","Nav map","All hands accounted for","Tripulacao completa","pt-BR","Locked","4","m.halvorsen","False"
"OPT_SCAN_DONE","Nav map","Scan complete","走査完了","ja-JP","Locked","2","a.okonkwo","False"
"UI_DOCK_ABORT","Radio chatter","Abort approach","Anflug abbrechen","de-DE","Draft","2","","False"
"HUD_DOCK_ABORT","Radio chatter","Burn early, coast long","Brule tot, plane longtemps","fr-FR","Draft","4","","True"
"TIP_DOCK_ABORT","Radio chatter","No carrier on that band","Sin portadora en esa banda","es-ES","Machine","5","","False"
"ERR_FUEL_LOW","Radio chatter","Altitude","Wysokosc","pl-PL","Machine","1","","False"
"MENU_FUEL_LOW","Radio chatter","Resume flight","Retomar voo","pt-BR","Reviewed","2","","False"
"CARGO_FUEL_LOW","Failure screen","Mass exceeds the bay rating","質量が積載限界を超過","ja-JP","Reviewed","5","d.aro","False"
"NAV_NO_SIGNAL","Failure screen","Hold the burn until the marker clears","Halte den Schub bis die Marke frei ist","de-DE","Approved","7","m.halvorsen","False"
"COMMS_NO_SIGNAL","Failure screen","Hail sent. No reply yet.","Appel envoye. Pas de reponse.","fr-FR","Approved","5","a.okonkwo","False"
"TUT_NO_SIGNAL","Failure screen","That bay is already full","Esa bodega ya esta llena","es-ES","Locked","5","s.ferreira","True"
"OPT_ALT_LABEL","Failure screen","Out of range of the relay","Poza zasiegiem przekaznika","pl-PL","Locked","6","j.tanaka","False"
"UI_ALT_LABEL","Docking HUD","Thrust cut - check the feed line","Empuxo cortado - verifique a linha","pt-BR","Draft","7","","False"
"HUD_ALT_LABEL","Docking HUD","Bay sealed and pressurised","区画を密閉し与圧","ja-JP","Draft","4","","False"
"TIP_RESUME","Docking HUD","Orbit set. Coasting.","Orbit gesetzt. Im Gleitflug.","de-DE","Machine","3","","False"
"ERR_RESUME","Docking HUD","All hands accounted for","Equipage au complet","fr-FR","Machine","4","","False"
"MENU_RESUME","Docking HUD","Scan complete","Escaneo completo","es-ES","Reviewed","2","m.halvorsen","False"
"CARGO_MASS_WARN","Loading tip","Abort approach","Przerwij podejscie","pl-PL","Reviewed","2","a.okonkwo","True"
"NAV_MASS_WARN","Loading tip","Burn early, coast long","Queime cedo, planeie muito","pt-BR","Approved","4","s.ferreira","False"
"COMMS_MASS_WARN","Loading tip","No carrier on that band","その帯域に搬送波なし","ja-JP","Approved","5","j.tanaka","False"
"TUT_BURN_HOLD","Loading tip","Altitude","Hoehe","de-DE","Locked","1","","False"
"OPT_BURN_HOLD","Loading tip","Resume flight","Reprendre le vol","fr-FR","Locked","2","l.novak","False"
"UI_BURN_HOLD","Comms error","Mass exceeds the bay rating","La masa supera la bodega","es-ES","Draft","5","","False"
"HUD_HAIL_SENT","Comms error","Hold the burn until the marker clears","Trzymaj ciag do znacznika","pl-PL","Draft","7","","False"
"TIP_HAIL_SENT","Comms error","Hail sent. No reply yet.","Chamado enviado. Sem resposta.","pt-BR","Machine","5","","True"
"ERR_HAIL_SENT","Comms error","That bay is already full","その区画は満杯です","ja-JP","Machine","5","","False"
"MENU_SLOT_FULL","Comms error","Out of range of the relay","Ausserhalb der Relaisreichweite","de-DE","Reviewed","6","s.ferreira","False"
"CARGO_SLOT_FULL","Main menu","Thrust cut - check the feed line","Poussee coupee - verifie la conduite","fr-FR","Reviewed","7","j.tanaka","False"
"NAV_SLOT_FULL","Main menu","Bay sealed and pressurised","Bodega sellada y presurizada","es-ES","Approved","4","","False"
"COMMS_RANGE_LOST","Main menu","Orbit set. Coasting.","Orbita ustawiona. Lot swobodny.","pl-PL","Approved","3","l.novak","False"
"TUT_RANGE_LOST","Main menu","All hands accounted for","Tripulacao completa","pt-BR","Locked","4","","False"
"OPT_RANGE_LOST","Main menu","Scan complete","走査完了","ja-JP","Locked","2","d.aro","True"
"UI_THRUST_CUT","Cargo screen","Abort approach","Anflug abbrechen","de-DE","Draft","2","","False"
"HUD_THRUST_CUT","Cargo screen","Burn early, coast long","Brule tot, plane longtemps","fr-FR","Draft","4","","False"
"TIP_THRUST_CUT","Cargo screen","No carrier on that band","Sin portadora en esa banda","es-ES","Machine","5","","False"
"ERR_BAY_SEALED","Cargo screen","Altitude","Wysokosc","pl-PL","Machine","1","","False"
"MENU_BAY_SEALED","Cargo screen","Resume flight","Retomar voo","pt-BR","Reviewed","2","","False"
"CARGO_BAY_SEALED","Tutorial","Mass exceeds the bay rating","質量が積載限界を超過","ja-JP","Reviewed","5","l.novak","False"
"NAV_ORBIT_SET","Tutorial","Hold the burn until the marker clears","Halte den Schub bis die Marke frei ist","de-DE","Approved","7","","True"
"COMMS_ORBIT_SET","Tutorial","Hail sent. No reply yet.","Appel envoye. Pas de reponse.","fr-FR","Approved","5","d.aro","False"
"TUT_ORBIT_SET","Tutorial","That bay is already full","Esa bodega ya esta llena","es-ES","Locked","5","m.halvorsen","False"
"OPT_CREW_READY","Tutorial","Out of range of the relay","Poza zasiegiem przekaznika","pl-PL","Locked","6","a.okonkwo","False"
"UI_CREW_READY","Options","Thrust cut - check the feed line","Empuxo cortado - verifique a linha","pt-BR","Draft","7","","False"
"HUD_CREW_READY","Options","Bay sealed and pressurised","区画を密閉し与圧","ja-JP","Draft","4","","False"
"TIP_SCAN_DONE","Options","Orbit set. Coasting.","Orbit gesetzt. Im Gleitflug.","de-DE","Machine","3","","False"
"ERR_SCAN_DONE","Options","All hands accounted for","Equipage au complet","fr-FR","Machine","4","","True"
"MENU_SCAN_DONE","Options","Scan complete","Escaneo completo","es-ES","Reviewed","2","","False"
"CARGO_DOCK_ABORT","Nav map","Abort approach","Przerwij podejscie","pl-PL","Reviewed","2","d.aro","False"
"NAV_DOCK_ABORT","Nav map","Burn early, coast long","Queime cedo, planeie muito","pt-BR","Approved","4","m.halvorsen","False"
"COMMS_DOCK_ABORT","Nav map","No carrier on that band","その帯域に搬送波なし","ja-JP","Approved","5","a.okonkwo","False"
"TUT_FUEL_LOW","Nav map","Altitude","Hoehe","de-DE","Locked","1","s.ferreira","False"
"OPT_FUEL_LOW","Nav map","Resume flight","Reprendre le vol","fr-FR","Locked","2","j.tanaka","False"
"UI_FUEL_LOW","Radio chatter","Mass exceeds the bay rating","La masa supera la bodega","es-ES","Draft","5","","True"
"HUD_NO_SIGNAL","Radio chatter","Hold the burn until the marker clears","Trzymaj ciag do znacznika","pl-PL","Draft","7","","False"
"TIP_NO_SIGNAL","Radio chatter","Hail sent. No reply yet.","Chamado enviado. Sem resposta.","pt-BR","Machine","5","","False"
"ERR_NO_SIGNAL","Radio chatter","That bay is already full","その区画は満杯です","ja-JP","Machine","5","","False"
"MENU_ALT_LABEL","Radio chatter","Out of range of the relay","Ausserhalb der Relaisreichweite","de-DE","Reviewed","6","m.halvorsen","False"
"CARGO_ALT_LABEL","Failure screen","Thrust cut - check the feed line","Poussee coupee - verifie la conduite","fr-FR","Reviewed","7","a.okonkwo","False"
"NAV_ALT_LABEL","Failure screen","Bay sealed and pressurised","Bodega sellada y presurizada","es-ES","Approved","4","s.ferreira","False"
"COMMS_RESUME","Failure screen","Orbit set. Coasting.","Orbita ustawiona. Lot swobodny.","pl-PL","Approved","3","j.tanaka","True"
"TUT_RESUME","Failure screen","All hands accounted for","Tripulacao completa","pt-BR","Locked","4","","False"
"OPT_RESUME","Failure screen","Scan complete","走査完了","ja-JP","Locked","2","l.novak","False"
"UI_MASS_WARN","Docking HUD","Abort approach","Anflug abbrechen","de-DE","Draft","2","","False"
"HUD_MASS_WARN","Docking HUD","Burn early, coast long","Brule tot, plane longtemps","fr-FR","Draft","4","","False"
"TIP_MASS_WARN","Docking HUD","No carrier on that band","Sin portadora en esa banda","es-ES","Machine","5","","False"
"ERR_BURN_HOLD","Docking HUD","Altitude","Wysokosc","pl-PL","Machine","1","","False"
"MENU_BURN_HOLD","Docking HUD","Resume flight","Retomar voo","pt-BR","Reviewed","2","s.ferreira","True"
"CARGO_BURN_HOLD","Loading tip","Mass exceeds the bay rating","質量が積載限界を超過","ja-JP","Reviewed","5","j.tanaka","False"
"NAV_HAIL_SENT","Loading tip","Hold the burn until the marker clears","Halte den Schub bis die Marke frei ist","de-DE","Approved","7","","False"
"COMMS_HAIL_SENT","Loading tip","Hail sent. No reply yet.","Appel envoye. Pas de reponse.","fr-FR","Approved","5","l.novak","False"
"TUT_HAIL_SENT","Loading tip","That bay is already full","Esa bodega ya esta llena","es-ES","Locked","5","","False"
"OPT_SLOT_FULL","Loading tip","Out of range of the relay","Poza zasiegiem przekaznika","pl-PL","Locked","6","d.aro","False"
"UI_SLOT_FULL","Comms error","Thrust cut - check the feed line","Empuxo cortado - verifique a linha","pt-BR","Draft","7","","False"
"HUD_SLOT_FULL","Comms error","Bay sealed and pressurised","区画を密閉し与圧","ja-JP","Draft","4","","True"
"TIP_RANGE_LOST","Comms error","Orbit set. Coasting.","Orbit gesetzt. Im Gleitflug.","de-DE","Machine","3","","False"
"ERR_RANGE_LOST","Comms error","All hands accounted for","Equipage au complet","fr-FR","Machine","4","","False"
"MENU_RANGE_LOST","Comms error","Scan complete","Escaneo completo","es-ES","Reviewed","2","","False"
"CARGO_THRUST_CUT","Main menu","Abort approach","Przerwij podejscie","pl-PL","Reviewed","2","l.novak","False"
"NAV_THRUST_CUT","Main menu","Burn early, coast long","Queime cedo, planeie muito","pt-BR","Approved","4","","False"
"COMMS_THRUST_CUT","Main menu","No carrier on that band","その帯域に搬送波なし","ja-JP","Approved","5","d.aro","False"
"TUT_BAY_SEALED","Main menu","Altitude","Hoehe","de-DE","Locked","1","m.halvorsen","True"
"OPT_BAY_SEALED","Main menu","Resume flight","Reprendre le vol","fr-FR","Locked","2","a.okonkwo","False"
"UI_BAY_SEALED","Cargo screen","Mass exceeds the bay rating","La masa supera la bodega","es-ES","Draft","5","","False"
"HUD_ORBIT_SET","Cargo screen","Hold the burn until the marker clears","Trzymaj ciag do znacznika","pl-PL","Draft","7","","False"
"TIP_ORBIT_SET","Cargo screen","Hail sent. No reply yet.","Chamado enviado. Sem resposta.","pt-BR","Machine","5","","False"
"ERR_ORBIT_SET","Cargo screen","That bay is already full","その区画は満杯です","ja-JP","Machine","5","","False"
"MENU_CREW_READY","Cargo screen","Out of range of the relay","Ausserhalb der Relaisreichweite","de-DE","Reviewed","6","","False"
"CARGO_CREW_READY","Tutorial","Thrust cut - check the feed line","Poussee coupee - verifie la conduite","fr-FR","Reviewed","7","d.aro","True"
"NAV_CREW_READY","Tutorial","Bay sealed and pressurised","Bodega sellada y presurizada","es-ES","Approved","4","m.halvorsen","False"
"COMMS_SCAN_DONE","Tutorial","Orbit set. Coasting.","Orbita ustawiona. Lot swobodny.","pl-PL","Approved","3","a.okonkwo","False"
"TUT_SCAN_DONE","Tutorial","All hands accounted for","Tripulacao completa","pt-BR","Locked","4","s.ferreira","False"
"OPT_SCAN_DONE","Tutorial","Scan complete","走査完了","ja-JP","Locked","2","j.tanaka","False"
"UI_DOCK_ABORT","Options","Abort approach","Anflug abbrechen","de-DE","Draft","2","","False"
"HUD_DOCK_ABORT","Options","Burn early, coast long","Brule tot, plane longtemps","fr-FR","Draft","4","","False"
"TIP_DOCK_ABORT","Options","No carrier on that band","Sin portadora en esa banda","es-ES","Machine","5","","True"
"ERR_FUEL_LOW","Options","Altitude","Wysokosc","pl-PL","Machine","1","","False"
"MENU_FUEL_LOW","Options","Resume flight","Retomar voo","pt-BR","Reviewed","2","m.halvorsen","False"
"CARGO_FUEL_LOW","Nav map","Mass exceeds the bay rating","質量が積載限界を超過","ja-JP","Reviewed","5","a.okonkwo","False"
"NAV_NO_SIGNAL","Nav map","Hold the burn until the marker clears","Halte den Schub bis die Marke frei ist","de-DE","Approved","7","s.ferreira","False"
"COMMS_NO_SIGNAL","Nav map","Hail sent. No reply yet.","Appel envoye. Pas de reponse.","fr-FR","Approved","5","j.tanaka","False"
"TUT_NO_SIGNAL","Nav map","That bay is already full","Esa bodega ya esta llena","es-ES","Locked","5","","False"
"OPT_ALT_LABEL","Nav map","Out of range of the relay","Poza zasiegiem przekaznika","pl-PL","Locked","6","l.novak","True"
"UI_ALT_LABEL","Radio chatter","Thrust cut - check the feed line","Empuxo cortado - verifique a linha","pt-BR","Draft","7","","False"
"HUD_ALT_LABEL","Radio chatter","Bay sealed and pressurised","区画を密閉し与圧","ja-JP","Draft","4","","False"
"TIP_RESUME","Radio chatter","Orbit set. Coasting.","Orbit gesetzt. Im Gleitflug.","de-DE","Machine","3","","False"
"ERR_RESUME","Radio chatter","All hands accounted for","Equipage au complet","fr-FR","Machine","4","","False"
"MENU_RESUME","Radio chatter","Scan complete","Escaneo completo","es-ES","Reviewed","2","s.ferreira","False"
"CARGO_MASS_WARN","Failure screen","Abort approach","Przerwij podejscie","pl-PL","Reviewed","2","j.tanaka","False"
"NAV_MASS_WARN","Failure screen","Burn early, coast long","Queime cedo, planeie muito","pt-BR","Approved","4","","True"
"COMMS_MASS_WARN","Failure screen","No carrier on that band","その帯域に搬送波なし","ja-JP","Approved","5","l.novak","False"
"TUT_BURN_HOLD","Failure screen","Altitude","Hoehe","de-DE","Locked","1","","False"
"OPT_BURN_HOLD","Failure screen","Resume flight","Reprendre le vol","fr-FR","Locked","2","d.aro","False"
"UI_BURN_HOLD","Docking HUD","Mass exceeds the bay rating","La masa supera la bodega","es-ES","Draft","5","","False"
"HUD_HAIL_SENT","Docking HUD","Hold the burn until the marker clears","Trzymaj ciag do znacznika","pl-PL","Draft","7","","False"
"TIP_HAIL_SENT","Docking HUD","Hail sent. No reply yet.","Chamado enviado. Sem resposta.","pt-BR","Machine","5","","False"
"ERR_HAIL_SENT","Docking HUD","That bay is already full","その区画は満杯です","ja-JP","Machine","5","","True"
"MENU_SLOT_FULL","Docking HUD","Out of range of the relay","Ausserhalb der Relaisreichweite","de-DE","Reviewed","6","","False"
"CARGO_SLOT_FULL","Loading tip","Thrust cut - check the feed line","Poussee coupee - verifie la conduite","fr-FR","Reviewed","7","l.novak","False"
"NAV_SLOT_FULL","Loading tip","Bay sealed and pressurised","Bodega sellada y presurizada","es-ES","Approved","4","","False"
"COMMS_RANGE_LOST","Loading tip","Orbit set. Coasting.","Orbita ustawiona. Lot swobodny.","pl-PL","Approved","3","d.aro","False"
"TUT_RANGE_LOST","Loading tip","All hands accounted for","Tripulacao completa","pt-BR","Locked","4","m.halvorsen","False"
"OPT_RANGE_LOST","Loading tip","Scan complete","走査完了","ja-JP","Locked","2","a.okonkwo","False"
"UI_THRUST_CUT","Comms error","Abort approach","Anflug abbrechen","de-DE","Draft","2","","True"
"HUD_THRUST_CUT","Comms error","Burn early, coast long","Brule tot, plane longtemps","fr-FR","Draft","4","","False"
"TIP_THRUST_CUT","Comms error","No carrier on that band","Sin portadora en esa banda","es-ES","Machine","5","","False"
"ERR_BAY_SEALED","Comms error","Altitude","Wysokosc","pl-PL","Machine","1","","False"
"MENU_BAY_SEALED","Comms error","Resume flight","Retomar voo","pt-BR","Reviewed","2","","False"
"CARGO_BAY_SEALED","Main menu","Mass exceeds the bay rating","質量が積載限界を超過","ja-JP","Reviewed","5","d.aro","False"
"NAV_ORBIT_SET","Main menu","Hold the burn until the marker clears","Halte den Schub bis die Marke frei ist","de-DE","Approved","7","m.halvorsen","False"
"COMMS_ORBIT_SET","Main menu","Hail sent. No reply yet.","Appel envoye. Pas de reponse.","fr-FR","Approved","5","a.okonkwo","True"
"TUT_ORBIT_SET","Main menu","That bay is already full","Esa bodega ya esta llena","es-ES","Locked","5","s.ferreira","False"
"OPT_CREW_READY","Main menu","Out of range of the relay","Poza zasiegiem przekaznika","pl-PL","Locked","6","j.tanaka","False"
"UI_CREW_READY","Cargo screen","Thrust cut - check the feed line","Empuxo cortado - verifique a linha","pt-BR","Draft","7","","False"
"HUD_CREW_READY","Cargo screen","Bay sealed and pressurised","区画を密閉し与圧","ja-JP","Draft","4","","False"
"TIP_SCAN_DONE","Cargo screen","Orbit set. Coasting.","Orbit gesetzt. Im Gleitflug.","de-DE","Machine","3","","False"
"ERR_SCAN_DONE","Cargo screen","All hands accounted for","Equipage au complet","fr-FR","Machine","4","","False"
"MENU_SCAN_DONE","Cargo screen","Scan complete","Escaneo completo","es-ES","Reviewed","2","m.halvorsen","True"
"CARGO_DOCK_ABORT","Tutorial","Abort approach","Przerwij podejscie","pl-PL","Reviewed","2","a.okonkwo","False"
"NAV_DOCK_ABORT","Tutorial","Burn early, coast long","Queime cedo, planeie muito","pt-BR","Approved","4","s.ferreira","False"
"COMMS_DOCK_ABORT","Tutorial","No carrier on that band","その帯域に搬送波なし","ja-JP","Approved","5","j.tanaka","False"
"TUT_FUEL_LOW","Tutorial","Altitude","Hoehe","de-DE","Locked","1","","False"
"OPT_FUEL_LOW","Tutorial","Resume flight","Reprendre le vol","fr-FR","Locked","2","l.novak","False"
"UI_FUEL_LOW","Options","Mass exceeds the bay rating","La masa supera la bodega","es-ES","Draft","5","","False"
"HUD_NO_SIGNAL","Options","Hold the burn until the marker clears","Trzymaj ciag do znacznika","pl-PL","Draft","7","","True"
"TIP_NO_SIGNAL","Options","Hail sent. No reply yet.","Chamado enviado. Sem resposta.","pt-BR","Machine","5","","False"
"ERR_NO_SIGNAL","Options","That bay is already full","その区画は満杯です","ja-JP","Machine","5","","False"
"MENU_ALT_LABEL","Options","Out of range of the relay","Ausserhalb der Relaisreichweite","de-DE","Reviewed","6","s.ferreira","False"
"CARGO_ALT_LABEL","Nav map","Thrust cut - check the feed line","Poussee coupee - verifie la conduite","fr-FR","Reviewed","7","j.tanaka","False"
"NAV_ALT_LABEL","Nav map","Bay sealed and pressurised","Bodega sellada y presurizada","es-ES","Approved","4","","False"
"COMMS_RESUME","Nav map","Orbit set. Coasting.","Orbita ustawiona. Lot swobodny.","pl-PL","Approved","3","l.novak","False"
"TUT_RESUME","Nav map","All hands accounted for","Tripulacao completa","pt-BR","Locked","4","","True"
"OPT_RESUME","Nav map","Scan complete","走査完了","ja-JP","Locked","2","d.aro","False"
"UI_MASS_WARN","Radio chatter","Abort approach","Anflug abbrechen","de-DE","Draft","2","","False"
"HUD_MASS_WARN","Radio chatter","Burn early, coast long","Brule tot, plane longtemps","fr-FR","Draft","4","","False"
"TIP_MASS_WARN","Radio chatter","No carrier on that band","Sin portadora en esa banda","es-ES","Machine","5","","False"
"ERR_BURN_HOLD","Radio chatter","Altitude","Wysokosc","pl-PL","Machine","1","","False"
"MENU_BURN_HOLD","Radio chatter","Resume flight","Retomar voo","pt-BR","Reviewed","2","","False"
"CARGO_BURN_HOLD","Failure screen","Mass exceeds the bay rating","質量が積載限界を超過","ja-JP","Reviewed","5","l.novak","True"
"NAV_HAIL_SENT","Failure screen","Hold the burn until the marker clears","Halte den Schub bis die Marke frei ist","de-DE","Approved","7","","False"
"COMMS_HAIL_SENT","Failure screen","Hail sent. No reply yet.","Appel envoye. Pas de reponse.","fr-FR","Approved","5","d.aro","False"
"TUT_HAIL_SENT","Failure screen","That bay is already full","Esa bodega ya esta llena","es-ES","Locked","5","m.halvorsen","False"
"OPT_SLOT_FULL","Failure screen","Out of range of the relay","Poza zasiegiem przekaznika","pl-PL","Locked","6","a.okonkwo","False"
"UI_SLOT_FULL","Docking HUD","Thrust cut - check the feed line","Empuxo cortado - verifique a linha","pt-BR","Draft","7","","False"
"HUD_SLOT_FULL","Docking HUD","Bay sealed and pressurised","区画を密閉し与圧","ja-JP","Draft","4","","False"
"TIP_RANGE_LOST","Docking HUD","Orbit set. Coasting.","Orbit gesetzt. Im Gleitflug.","de-DE","Machine","3","","True"
"ERR_RANGE_LOST","Docking HUD","All hands accounted for","Equipage au complet","fr-FR","Machine","4","","False"
"MENU_RANGE_LOST","Docking HUD","Scan complete","Escaneo completo","es-ES","Reviewed","2","","False"
"CARGO_THRUST_CUT","Loading tip","Abort approach","Przerwij podejscie","pl-PL","Reviewed","2","d.aro","False"
"NAV_THRUST_CUT","Loading tip","Burn early, coast long","Queime cedo, planeie muito","pt-BR","Approved","4","m.halvorsen","False"
"COMMS_THRUST_CUT","Loading tip","No carrier on that band","その帯域に搬送波なし","ja-JP","Approved","5","a.okonkwo","False"
"TUT_BAY_SEALED","Loading tip","Altitude","Hoehe","de-DE","Locked","1","s.ferreira","False"
"OPT_BAY_SEALED","Loading tip","Resume flight","Reprendre le vol","fr-FR","Locked","2","j.tanaka","True"
"UI_BAY_SEALED","Comms error","Mass exceeds the bay rating","La masa supera la bodega","es-ES","Draft","5","","False"
"HUD_ORBIT_SET","Comms error","Hold the burn until the marker clears","Trzymaj ciag do znacznika","pl-PL","Draft","7","","False"
"TIP_ORBIT_SET","Comms error","Hail sent. No reply yet.","Chamado enviado. Sem resposta.","pt-BR","Machine","5","","False"
"ERR_ORBIT_SET","Comms error","That bay is already full","その区画は満杯です","ja-JP","Machine","5","","False"
"MENU_CREW_READY","Comms error","Out of range of the relay","Ausserhalb der Relaisreichweite","de-DE","Reviewed","6","m.halvorsen","False"
"CARGO_CREW_READY","Main menu","Thrust cut - check the feed line","Poussee coupee - verifie la conduite","fr-FR","Reviewed","7","a.okonkwo","False"
"NAV_CREW_READY","Main menu","Bay sealed and pressurised","Bodega sellada y presurizada","es-ES","Approved","4","s.ferreira","True"
"COMMS_SCAN_DONE","Main menu","Orbit set. Coasting.","Orbita ustawiona. Lot swobodny.","pl-PL","Approved","3","j.tanaka","False"
"TUT_SCAN_DONE","Main menu","All hands accounted for","Tripulacao completa","pt-BR","Locked","4","","False"
"OPT_SCAN_DONE","Main menu","Scan complete","走査完了","ja-JP","Locked","2","l.novak","False"
"UI_DOCK_ABORT","Cargo screen","Abort approach","Anflug abbrechen","de-DE","Draft","2","","False"
"HUD_DOCK_ABORT","Cargo screen","Burn early, coast long","Brule tot, plane longtemps","fr-FR","Draft","4","","False"
"TIP_DOCK_ABORT","Cargo screen","No carrier on that band","Sin portadora en esa banda","es-ES","Machine","5","","False"
"ERR_FUEL_LOW","Cargo screen","Altitude","Wysokosc","pl-PL","Machine","1","","True"
"MENU_FUEL_LOW","Cargo screen","Resume flight","Retomar voo","pt-BR","Reviewed","2","s.ferreira","False"
"CARGO_FUEL_LOW","Tutorial","Mass exceeds the bay rating","質量が積載限界を超過","ja-JP","Reviewed","5","j.tanaka","False"
"NAV_NO_SIGNAL","Tutorial","Hold the burn until the marker clears","Halte den Schub bis die Marke frei ist","de-DE","Approved","7","","False"
"COMMS_NO_SIGNAL","Tutorial","Hail sent. No reply yet.","Appel envoye. Pas de reponse.","fr-FR","Approved","5","l.novak","False"
"TUT_NO_SIGNAL","Tutorial","That bay is already full","Esa bodega ya esta llena","es-ES","Locked","5","","False"
"OPT_ALT_LABEL","Tutorial","Out of range of the relay","Poza zasiegiem przekaznika","pl-PL","Locked","6","d.aro","False"
"UI_ALT_LABEL","Options","Thrust cut - check the feed line","Empuxo cortado - verifique a linha","pt-BR","Draft","7","","True"
"HUD_ALT_LABEL","Options","Bay sealed and pressurised","区画を密閉し与圧","ja-JP","Draft","4","","False"
"TIP_RESUME","Options","Orbit set. Coasting.","Orbit gesetzt. Im Gleitflug.","de-DE","Machine","3","","False"
"ERR_RESUME","Options","All hands accounted for","Equipage au complet","fr-FR","Machine","4","","False"
"MENU_RESUME","Options","Scan complete","Escaneo completo","es-ES","Reviewed","2","","False"
"CARGO_MASS_WARN","Nav map","Abort approach","Przerwij podejscie","pl-PL","Reviewed","2","l.novak","False"
"NAV_MASS_WARN","Nav map","Burn early, coast long","Queime cedo, planeie muito","pt-BR","Approved","4","","False"
"COMMS_MASS_WARN","Nav map","No carrier on that band","その帯域に搬送波なし","ja-JP","Approved","5","d.aro","True"
"TUT_BURN_HOLD","Nav map","Altitude","Hoehe","de-DE","Locked","1","m.halvorsen","False"
"OPT_BURN_HOLD","Nav map","Resume flight","Reprendre le vol","fr-FR","Locked","2","a.okonkwo","False"
"UI_BURN_HOLD","Radio chatter","Mass exceeds the bay rating","La masa supera la bodega","es-ES","Draft","5","","False"
"HUD_HAIL_SENT","Radio chatter","Hold the burn until the marker clears","Trzymaj ciag do znacznika","pl-PL","Draft","7","","False"
"TIP_HAIL_SENT","Radio chatter","Hail sent. No reply yet.","Chamado enviado. Sem resposta.","pt-BR","Machine","5","","False"
"ERR_HAIL_SENT","Radio chatter","That bay is already full","その区画は満杯です","ja-JP","Machine","5","","False"
"MENU_SLOT_FULL","Radio chatter","Out of range of the relay","Ausserhalb der Relaisreichweite","de-DE","Reviewed","6","","True"
"CARGO_SLOT_FULL","Failure screen","Thrust cut - check the feed line","Poussee coupee - verifie la conduite","fr-FR","Reviewed","7","d.aro","False"
"NAV_SLOT_FULL","Failure screen","Bay sealed and pressurised","Bodega sellada y presurizada","es-ES","Approved","4","m.halvorsen","False"
"COMMS_RANGE_LOST","Failure screen","Orbit set. Coasting.","Orbita ustawiona. Lot swobodny.","pl-PL","Approved","3","a.okonkwo","False"
"TUT_RANGE_LOST","Failure screen","All hands accounted for","Tripulacao completa","pt-BR","Locked","4","s.ferreira","False"
"OPT_RANGE_LOST","Failure screen","Scan complete","走査完了","ja-JP","Locked","2","j.tanaka","False"
